회사명,종목코드,업종,주요제품,상장일,결산월,대표자명,홈페이지,지역,2024년 매출액(원),sector_tag_en,sector_tag_ko,product_tags_en,product_tags_ko,Gemini_Info,Gemini_Hashtags,Benefit_AI,Benefit_Defense,Benefit_Environment,Benefit_Bio,Benefit_Longevity,AI_Benefit,Benefit_Robotics
로킷헬스케어,376900,의료용품 및 기타 의약 관련제품 제조업,장기 재생 플랫폼,2025-05-12,12월,유석환,http://rokithealthcare.com,서울특별시,,Health Care,헬스케어,['Other Products'],['기타 제품/서비스'],"## 로킷헬스케어 (ROKIT Healthcare) 회사 소개

로킷헬스케어는 3D 바이오프린팅 기술을 기반으로 개인 맞춤형 재생 의료 솔루션을 제공하는 한국 기업입니다. 손상된 조직과 장기를 재생하고 치료하는 데 중점을 두고 있으며, 환자 자신의 세포를 활용하여 안전하고 효과적인 치료법을 개발하는 데 힘쓰고 있습니다. 단순한 의료기기 제조를 넘어, 환자의 삶의 질을 향상시키는 혁신적인 의료 기술을 선보이는 것을 목표로 합니다. 특히 피부, 연골, 뼈 재생 분야에서 두각을 나타내고 있으며, 해외 시장 진출에도 적극적으로 나서고 있습니다.

## 로킷헬스케어 제품 및 서비스 (#)

*   #3D바이오프린팅 #장기재생 #피부재생 #연골재생 #뼈재생
*   #자가지방줄기세포 #맞춤형치료 #재생의료플랫폼
*   #자가연골재생 #카티젠 #CartiGen
*   #피부재생솔루션 #Nuvo
*   #맞춤형정형외과임플란트
*   #AI기반진단 #AI피부진단 #맞춤형화장품
*   #해외원격의료 #글로벌재생의료
*   #스마트헬스케어 #디지털헬스케어
*   #RaaS (Regenerative-as-a-Service)
",#3D바이오프린팅 #장기재생 #피부재생 #연골재생 #뼈재생 #자가지방줄기세포 #맞춤형치료 #재생의료플랫폼 #자가연골재생 #카티젠 #CartiGen #피부재생솔루션 #Nuvo #맞춤형정형외과임플란트 #AI기반진단 #AI피부진단 #맞춤형화장품 #해외원격의료 #글로벌재생의료 #스마트헬스케어 #디지털헬스케어 #RaaS,1,0,0,1,1,True,1
오가노이드사이언스,476040,자연과학 및 공학 연구개발업,"오가노이드 기반 재생치료제, 오가노이드 기반 신소재평가 솔루션",2025-05-09,12월,유종만,http://organoidrx.com,경기도,,Industrials,산업재,['Other Products'],['기타 제품/서비스'],"## 오가노이드사이언스 회사 소개

오가노이드사이언스는 **손상된 장기 조직을 재생하여 질병을 치료하는 것을 목표로 하는 바이오 기업**입니다. 핵심 기술은 **오가노이드(Organoid, 미니 장기)** 제작 기술로, 환자 맞춤형 치료제 개발 및 신약 개발에 활용됩니다. 특히, 장 오가노이드 기술을 기반으로 염증성 장 질환 치료제 개발에 집중하고 있으며, 다양한 파이프라인을 구축하여 미래 성장 동력을 확보하고 있습니다.

## 오가노이드사이언스 제품 및 서비스 (#)

*   #재생치료제 #오가노이드기반치료제 #염증성장질환치료제 #장기재생치료제
*   #오가노이드개발 #환자맞춤형오가노이드 #질병모델링오가노이드 #신약개발플랫폼
*   #오가노이드제작서비스 #오가노이드분석서비스 #오가노이드기반스크리닝 #연구용오가노이드
*   #파이프라인확보 #혁신신약개발 #미래성장동력 #바이오벤처
",#재생치료제 #오가노이드기반치료제 #염증성장질환치료제 #장기재생치료제 #오가노이드개발 #환자맞춤형오가노이드 #질병모델링오가노이드 #신약개발플랫폼 #오가노이드제작서비스 #오가노이드분석서비스 #오가노이드기반스크리닝 #연구용오가노이드 #파이프라인확보 #혁신신약개발 #미래성장동력 #바이오벤처,0,0,0,1,1,False,0
원일티엔아이,136150,일반 목적용 기계 제조업,"수소저장합금, 고압연소식기화기",2025-05-09,12월,이정빈,http://www.woniltni.co.kr/,경기도,,Industrials,산업재,['Other Products'],['기타 제품/서비스'],"## 원일티엔아이(Wonil T&I) 회사 소개

원일티엔아이는 플랜트 엔지니어링 분야에서 오랜 경험과 기술력을 바탕으로 성장해온 기업입니다. 주로 산업 플랜트 건설, 에너지 플랜트, 환경 플랜트 등 다양한 분야의 플랜트 프로젝트를 수행하고 있습니다. 설계, 조달, 시공(EPC)은 물론 시운전 및 유지보수까지 플랜트 전반에 걸친 토탈 솔루션을 제공하며, 고객의 성공적인 플랜트 구축과 운영을 위해 최선을 다하고 있습니다. 지속적인 기술 개발과 품질 향상을 통해 고객 만족도를 높이고, 국내외 플랜트 시장에서 경쟁력을 강화하고 있습니다.

**원일티엔아이가 제공하는 제품 및 서비스 (해시태그 형태):**

*   #산업플랜트건설
*   #에너지플랜트
*   #환경플랜트
*   #플랜트설계
*   #플랜트조달
*   #플랜트시공
*   #EPC프로젝트
*   #플랜트시운전
*   #플랜트유지보수
*   #플랜트토탈솔루션
*   #플랜트엔지니어링
*   #플랜트컨설팅
*   #플랜트기술개발
*   #플랜트프로젝트관리
*   #플랜트자동화
",#산업플랜트건설 #에너지플랜트 #환경플랜트 #플랜트설계 #플랜트조달 #플랜트시공 #EPC프로젝트 #플랜트시운전 #플랜트유지보수 #플랜트토탈솔루션 #플랜트엔지니어링 #플랜트컨설팅 #플랜트기술개발 #플랜트프로젝트관리 #플랜트자동화,0,0,1,0,0,False,0
나우로보틱스,459510,특수 목적용 기계 제조업,산업용로봇 및 로봇자동화시스템,2025-05-08,12월,이종주,http://naurobot.com,인천광역시,,Industrials,산업재,['Other Products'],['기타 제품/서비스'],"## 나우로보틱스 회사 소개

나우로보틱스는 산업용 로봇 자동화 솔루션을 제공하는 한국 기업입니다. 특히 **협동 로봇**을 기반으로 다양한 산업 현장에 최적화된 자동화 시스템을 구축하는 데 주력하고 있습니다. 소프트웨어 기술력과 로봇 하드웨어를 융합하여 고객사의 생산성 향상과 효율적인 자동화를 돕는 것을 목표로 합니다. 자체 개발한 로봇 제어 기술과 사용자 친화적인 소프트웨어를 강점으로 내세우며, 국내외 시장에서 빠르게 성장하고 있습니다.

## 나우로보틱스 제품 및 서비스 (해시태그)

*   #협동로봇
*   #자동화솔루션
*   #로봇시스템통합
*   #로봇제어소프트웨어
*   #산업용로봇
*   #AI로봇
*   #로봇SI
*   #로봇자동화
*   #로봇컨설팅
*   #자동화시스템구축
*   #스마트팩토리
*   #로봇비전
*   #티칭펜던트
*   #로봇애플리케이션
*   #로봇유지보수
",#협동로봇 #자동화솔루션 #로봇시스템통합 #로봇제어소프트웨어 #산업용로봇 #AI로봇 #로봇SI #로봇자동화 #로봇컨설팅 #자동화시스템구축 #스마트팩토리 #로봇비전 #티칭펜던트 #로봇애플리케이션 #로봇유지보수,1,0,0,0,0,False,1
에이아이코리아,364950,특수 목적용 기계 제조업,"2차전지 중앙 전해액 공급시스템(CESS), 프로세스파이핑, 건식세정장비",2025-04-29,12월,안진호,http://www.aik.co.kr/,경기도,,Industrials,산업재,['Other Products'],['기타 제품/서비스'],"## 에이아이코리아 소개

에이아이코리아는 인공지능(AI) 기술을 기반으로 다양한 솔루션과 서비스를 제공하는 한국 기업입니다. 특히 기업의 디지털 전환(DX)을 돕는 데 집중하고 있으며, AI 모델 개발, 데이터 분석, AI 기반 자동화 솔루션 등 다양한 분야에서 경쟁력을 확보하고 있습니다. 고객 맞춤형 AI 솔루션 제공을 통해 기업의 효율성 증대와 혁신을 지원하는 것을 목표로 합니다.

## 제품 및 서비스 (해시태그 형태)

*   #AI모델개발
*   #데이터분석
*   #AI기반자동화
*   #DX컨설팅
*   #맞춤형AI솔루션
*   #AI플랫폼구축
*   #머신러닝
*   #딥러닝
*   #AI교육
*   #AI솔루션유지보수
",#AI모델개발 #데이터분석 #AI기반자동화 #DX컨설팅 #맞춤형AI솔루션 #AI플랫폼구축 #머신러닝 #딥러닝 #AI교육 #AI솔루션유지보수,0,0,0,0,0,False,1
쎄크,81180,일반 목적용 기계 제조업,"X-ray 검사장비, LINAC, Tabletop SEM",2025-04-28,12월,김종현,http:///www.seceng.co.kr/,경기도,,Industrials,산업재,['Other Products'],['기타 제품/서비스'],"## 쎄크 (SEC) 회사 소개

쎄크(SEC)는 반도체, 디스플레이, 2차전지 등 첨단 산업 분야의 검사장비 전문 기업입니다. 핵심 기술인 X-ray 이미징 기술을 바탕으로 다양한 검사 장비를 개발 및 생산하며, 품질 관리 및 생산 효율성 향상에 기여하고 있습니다. 국내는 물론 해외 시장에서도 기술력을 인정받고 있으며, 지속적인 연구 개발을 통해 미래 성장 동력을 확보하고 있습니다.

## 쎄크 제품 및 서비스 (해시태그 형태)

*   #반도체검사장비
*   #디스플레이검사장비
*   #2차전지검사장비
*   #X-ray검사장비
*   #3DX-ray검사장비
*   #자동결함검출시스템
*   #샘플링검사장비
*   #PCB검사장비
*   #실시간방사선투과검사
*   #고속자동검사장비
*   #검사장비유지보수
*   #검사장비기술지원
*   #맞춤형검사장비솔루션
",#반도체검사장비 #디스플레이검사장비 #2차전지검사장비 #X #3DX #자동결함검출시스템 #샘플링검사장비 #PCB검사장비 #실시간방사선투과검사 #고속자동검사장비 #검사장비유지보수 #검사장비기술지원 #맞춤형검사장비솔루션,1,0,0,0,0,False,1
한국피아이엠,448900,자동차 신품 부품 제조업,"내연기관 부품(터보차저, DCT변속기), IT 부품(스마트워치/스마트링), 자율주행 부품(카메라 모듈 케이스)",2025-04-04,12월,송준호,http://www.pimkorea.com,대구광역시,,Other Industrials,기타산업,['Other Products'],['기타 제품/서비스'],"## 한국피아이엠 소개

한국피아이엠(Korea PIM)은 분말야금(Powder Metallurgy, P/M) 기술을 기반으로 다양한 산업 분야에 첨단 소재 및 부품을 공급하는 전문 기업입니다. 특히 금속분말 사출성형(Metal Injection Molding, MIM) 기술력을 바탕으로 고품질의 정밀 부품을 생산하며, 자동차, IT, 의료기기 등 다양한 산업 분야에서 혁신적인 솔루션을 제공하고 있습니다. 고객 맞춤형 솔루션 제공을 통해 고객의 경쟁력 강화에 기여하며 지속적인 기술 개발과 품질 혁신을 통해 업계를 선도하고 있습니다.

## 제품 및 서비스 해시태그

*   #MIM부품
*   #분말야금
*   #자동차부품
*   #IT부품
*   #의료기기부품
*   #정밀부품
*   #맞춤형솔루션
*   #금속분말사출성형
*   #고품질부품
*   #기술컨설팅
*   #소재개발
*   #공동개발
",#MIM부품 #분말야금 #자동차부품 #IT부품 #의료기기부품 #정밀부품 #맞춤형솔루션 #금속분말사출성형 #고품질부품 #기술컨설팅 #소재개발 #공동개발,0,0,0,0,0,False,0
에이유브랜즈,481070,"섬유, 의복, 신발 및 가죽제품 소매업","레인부츠, 스니커즈, 겨울화, 패션잡화 등",2025-04-03,12월,김지훈,http://aubrandz.irpage.co.kr,서울특별시,,Other Industrials,기타산업,['Other Products'],['기타 제품/서비스'],"## 에이유브랜즈 회사 소개

에이유브랜즈는 건강기능식품, 화장품, 생활용품 등 다양한 제품을 판매하는 **방문판매 전문 기업**입니다. 주력 제품은 건강기능식품이며, 건강과 아름다움을 추구하는 고객들에게 차별화된 제품과 서비스를 제공하고 있습니다. 방문판매 방식을 통해 고객과의 직접적인 소통을 강화하고, 맞춤형 컨설팅을 제공하는 것이 특징입니다.

## 에이유브랜즈 제품 및 서비스 해시태그

*   #건강기능식품
*   #화장품
*   #생활용품
*   #방문판매
*   #맞춤형컨설팅
*   #건강관리
*   #피부미용
*   #이너뷰티
*   #프리미엄제품
*   #회원제마케팅 (방문판매 특성상)
",#건강기능식품 #화장품 #생활용품 #방문판매 #맞춤형컨설팅 #건강관리 #피부미용 #이너뷰티 #프리미엄제품 #회원제마케팅,0,0,0,1,1,False,0
우양에이치씨,101970,"구조용 금속제품, 탱크 및 증기발생기 제조업","화공 플랜트, 에너지 플랜트",2025-03-28,12월,김진태,http://www.wooyang.co.kr,경기도,"200,055,393,194",Materials,소재,['Other Products'],['기타 제품/서비스'],"## 우양에이치씨 회사 소개

우양에이치씨는 건강기능식품, 의약외품, 화장품 등을 제조 및 판매하는 회사입니다. 오랜 경험과 기술력을 바탕으로 건강하고 아름다운 삶을 추구하는 고객들을 위해 다양한 제품을 개발하고 제공하고 있습니다. 특히, 자체 연구 개발을 통해 차별화된 제품을 선보이며 고객 만족도를 높이는 데 주력하고 있습니다.

## 우양에이치씨 제품 및 서비스 (해시태그)

#건강기능식품 #프로바이오틱스 #비타민 #미네랄 #오메가3 #콜라겐 #다이어트식품 #이너뷰티 #의약외품 #마스크 #손소독제 #화장품 #기초화장품 #기능성화장품 #맞춤형화장품 #OEM생산 #ODM생산 #건강상담 #온라인판매 #오프라인판매 #수출 #수입
",#건강기능식품 #프로바이오틱스 #비타민 #미네랄 #오메가3 #콜라겐 #다이어트식품 #이너뷰티 #의약외품 #마스크 #손소독제 #화장품 #기초화장품 #기능성화장품 #맞춤형화장품 #OEM생산 #ODM생산 #건강상담 #온라인판매 #오프라인판매 #수출 #수입,0,0,0,1,1,False,0
더즌,462860,전기 통신업,디지털뱅킹 솔루션(B2B 금융 서비스),2025-03-24,12월,조철한,http://www.dozn.co.kr/,서울특별시,,Other Industrials,기타산업,['Other Products'],['기타 제품/서비스'],"## 더즌(Dozen) 회사 소개

더즌(Dozen)은 ""일상 속 작은 즐거움을 더하다""라는 철학을 바탕으로 설립된 라이프스타일 브랜드입니다. 감각적인 디자인과 실용적인 기능을 겸비한 제품들을 통해 고객들의 삶에 긍정적인 변화를 선사하고자 노력합니다. 특히, 더즌은 트렌드를 빠르게 반영하면서도 환경과 사회에 미치는 영향을 고려하는 지속 가능한 브랜드 운영을 지향합니다. 다양한 분야의 크리에이터들과 협업하여 차별화된 경험을 제공하며, 고객과의 소통을 중요하게 생각하는 브랜드입니다.

## 더즌 제품 및 서비스 해시태그

*   #디자인문구 #다이어리 #노트 #펜
*   #홈데코 #캔들 #디퓨저 #인센스
*   #라이프스타일굿즈 #텀블러 #머그컵 #에코백
*   #콜라보레이션 #아티스트콜라보 #한정판굿즈
*   #선물추천 #기프트세트 #특별한선물
*   #온라인쇼핑몰 #정기구독 #멤버십혜택
*   #오프라인매장 #팝업스토어 #전시회
*   #커뮤니티 #이벤트 #소셜미디어
*   #고객지원 #친절상담 #빠른배송
*   #지속가능한 #친환경제품 #사회적가치
",#디자인문구 #다이어리 #노트 #펜 #홈데코 #캔들 #디퓨저 #인센스 #라이프스타일굿즈 #텀블러 #머그컵 #에코백 #콜라보레이션 #아티스트콜라보 #한정판굿즈 #선물추천 #기프트세트 #특별한선물 #온라인쇼핑몰 #정기구독 #멤버십혜택 #오프라인매장 #팝업스토어 #전시회 #커뮤니티 #이벤트 #소셜미디어 #고객지원 #친절상담 #빠른배송 #지속가능한 #친환경제품 #사회적가치,0,0,0,0,0,False,0
심플랫폼,444530,소프트웨어 개발 및 공급업,NUBISON AIoT(산업용 데이터 수집과 산업용 AI서비스 운영),2025-03-21,12월,"임대근, 강태신",http://simplatform.com/,서울특별시,,Information Technology,정보기술,['Computer & IT Services'],['컴퓨터·IT 서비스'],"## 심플랫폼(Simplatform) 회사 소개

심플랫폼은 **복잡한 문제를 단순화하고 효율적인 솔루션을 제공하는 데 집중하는 기술 회사**입니다. 다양한 산업 분야의 기업들이 데이터 기반 의사 결정을 내리고 운영 효율성을 높일 수 있도록 **맞춤형 소프트웨어 솔루션 및 컨설팅 서비스**를 제공합니다. 고객의 요구 사항을 정확히 파악하고, 최신 기술을 활용하여 실질적인 비즈니스 가치를 창출하는 데 주력합니다. 특히, **데이터 분석, 자동화, 클라우드 기반 솔루션** 분야에서 강점을 가지고 있으며, 끊임없는 혁신을 통해 고객의 성공을 지원합니다.

## 심플랫폼 제품 & 서비스 해시태그

*   #데이터분석플랫폼
*   #AI자동화솔루션
*   #클라우드기반서비스
*   #맞춤형소프트웨어개발
*   #IT컨설팅
*   #비즈니스인텔리전스(BI)
*   #데이터시각화
*   #머신러닝모델링
*   #프로세스자동화(RPA)
*   #디지털전환컨설팅
",#데이터분석플랫폼 #AI자동화솔루션 #클라우드기반서비스 #맞춤형소프트웨어개발 #IT컨설팅 #비즈니스인텔리전스 #데이터시각화 #머신러닝모델링 #프로세스자동화 #디지털전환컨설팅,1,0,0,0,0,False,1
티엑스알로보틱스,484810,일반 목적용 기계 제조업,"물류자동화, 로봇자동화, AMR/AGV",2025-03-20,12월,엄인섭,http://www.txr.kr,경기도,,Industrials,산업재,['Other Products'],['기타 제품/서비스'],"## 티엑스알로보틱스 (TXR Robotics) 소개

티엑스알로보틱스는 산업용 로봇 자동화 솔루션을 제공하는 혁신적인 기업입니다. 특히 용접, 핸들링, 머신 텐딩 등의 분야에서 로봇 시스템 통합 및 자동화 솔루션을 전문적으로 제공하며, 고객의 생산성 향상과 효율적인 공정 운영을 지원합니다. 맞춤형 솔루션 제공, 기술 컨설팅, 유지보수 서비스 등을 통해 고객의 다양한 요구를 충족시키는 데 주력하고 있습니다.

## 티엑스알로보틱스 제품 및 서비스 (해시태그)

*   #산업용로봇자동화
*   #용접로봇시스템
*   #핸들링로봇시스템
*   #머신텐딩로봇
*   #로봇시스템통합
*   #맞춤형로봇솔루션
*   #로봇기술컨설팅
*   #로봇유지보수
*   #자동화공정설계
*   #로봇프로그래밍
*   #스마트팩토리솔루션
*   #로봇안전교육
*   #로봇자동화라인구축
*   #생산성향상솔루션
*   #효율적인공정운영
",#산업용로봇자동화 #용접로봇시스템 #핸들링로봇시스템 #머신텐딩로봇 #로봇시스템통합 #맞춤형로봇솔루션 #로봇기술컨설팅 #로봇유지보수 #자동화공정설계 #로봇프로그래밍 #스마트팩토리솔루션 #로봇안전교육 #로봇자동화라인구축 #생산성향상솔루션 #효율적인공정운영,0,0,0,0,0,False,1
한텍,98070,일반 목적용 기계 제조업,"열교환기 등 화공기기, 저장용 탱크",2025-03-20,12월,김강식,http://hantechltd.com,울산광역시,,Industrials,산업재,['Other Products'],['기타 제품/서비스'],"## 한텍(HANTECH) 회사 소개

한텍은 **스마트 팩토리 솔루션 및 자동화 시스템 분야**에서 핵심적인 역할을 수행하는 기업입니다. 제조 현장의 생산성 향상과 효율적인 운영을 위해 다양한 솔루션을 제공하며, 특히 **공장 자동화, 스마트 물류, 에너지 관리** 등의 분야에서 뛰어난 기술력을 보유하고 있습니다. 단순히 제품을 판매하는 것뿐만 아니라, 고객 맞춤형 컨설팅, 시스템 구축, 유지보수 등 전반적인 서비스를 제공하여 고객의 성공적인 스마트 팩토리 구축을 돕고 있습니다. 지속적인 기술 개발과 혁신을 통해 스마트 팩토리 시장을 선도하며, 국내 제조업의 경쟁력 강화에 기여하고 있습니다.

## 한텍 제품 및 서비스 (해시태그 형태)

*   #스마트팩토리솔루션
*   #공장자동화
*   #스마트물류
*   #에너지관리시스템
*   #MES (제조실행시스템)
*   #SCADA (감시제어 및 데이터획득)
*   #자동창고시스템
*   #AGV (무인운반차)
*   #AMR (자율이동로봇)
*   #산업용로봇
*   #설비예지보전
*   #공정최적화
*   #빅데이터분석
*   #디지털트윈
*   #IoT플랫폼
*   #컨설팅서비스
*   #시스템구축
*   #유지보수
*   #교육훈련
*   #자동화라인구축
*   #물류자동화
*   #MES구축
*   #SCADA구축
",#스마트팩토리솔루션 #공장자동화 #스마트물류 #에너지관리시스템 #MES #SCADA #자동창고시스템 #AGV #AMR #산업용로봇 #설비예지보전 #공정최적화 #빅데이터분석 #디지털트윈 #IoT플랫폼 #컨설팅서비스 #시스템구축 #유지보수 #교육훈련 #자동화라인구축 #물류자동화 #MES구축 #SCADA구축,1,0,1,0,0,False,1
한화플러스제5호스팩,498390,금융 지원 서비스업,-,2025-03-20,12월,김광후,,서울특별시,,Other Industrials,기타산업,['Other Products'],['기타 제품/서비스'],"## 한화플러스제5호스팩 간단 소개

한화플러스제5호스팩은 기업 인수 목적의 특수목적법인(SPAC, Special Purpose Acquisition Company)입니다. 즉, 자체적인 사업은 없고, 다른 유망한 비상장 기업을 합병하여 상장시키는 것을 목표로 설립된 회사입니다. 투자자들은 이 회사의 주식을 매입하여 합병 성공 시 발생하는 기업 가치 상승을 기대할 수 있습니다. 한화금융그룹 계열인 한화투자증권이 주관하고 있습니다. 중요한 점은, 스팩은 합병에 실패할 경우 청산될 수 있다는 위험을 가지고 있습니다. 투자 결정 시 이 점을 반드시 고려해야 합니다.

## 제품 및 서비스 (예상 가능한 범위 내에서)

한화플러스제5호스팩 자체는 직접적인 제품이나 서비스를 제공하지 않습니다. 하지만, 합병 대상 기업에 따라 제공되는 제품 및 서비스는 달라질 수 있습니다.

**합병 성공 시 예상 가능한 해시태그 예시:**

*   #미래기술 #신재생에너지 #바이오헬스 #IT플랫폼 #소재부품장비 (합병 대상 기업의 사업 분야에 따라 달라짐)
*   #투자 #기업인수 #상장 #금융 #재테크

**참고:** 실제 합병 대상 기업의 사업 내용에 따라 해시태그는 크게 달라질 수 있습니다. 합병 공시를 주의 깊게 확인하시기 바랍니다.
",#미래기술 #신재생에너지 #바이오헬스 #IT플랫폼 #소재부품장비 #투자 #기업인수 #상장 #금융 #재테크,0,0,0,0,0,False,0
씨케이솔루션,480370,"건축기술, 엔지니어링 및 관련 기술 서비스업","드라이룸/클린룸 등 건물용 기계, 장비 설치 공사업",2025-03-17,12월,"김유곤, 안근표 (공동 대표이사)",http://www.cksolution.co.kr/,경기도,,Other Industrials,기타산업,['Other Products'],['기타 제품/서비스'],"## 씨케이솔루션 회사 소개

씨케이솔루션은 다양한 산업 분야에 필요한 솔루션을 제공하는 IT 서비스 전문 기업입니다. 특히 SI(System Integration), SM(System Management), ITO(IT Outsourcing) 분야에서 탄탄한 기술력과 경험을 바탕으로 고객의 비즈니스 혁신과 효율성 향상을 돕고 있습니다. 고객 맞춤형 컨설팅부터 시스템 구축, 유지보수, 아웃소싱까지 IT 전반에 걸쳐 종합적인 서비스를 제공하며, 고객의 성공적인 디지털 전환을 위한 든든한 파트너 역할을 수행하고 있습니다.

## 씨케이솔루션 제품 & 서비스 (해시태그)

* #SI구축
* #SM운영
* #ITO아웃소싱
* #IT컨설팅
* #시스템통합
* #유지보수
* #솔루션개발
* #클라우드서비스
* #디지털트랜스포메이션
* #IT인프라구축
* #맞춤형솔루션
",#SI구축 #SM운영 #ITO아웃소싱 #IT컨설팅 #시스템통합 #유지보수 #솔루션개발 #클라우드서비스 #디지털트랜스포메이션 #IT인프라구축 #맞춤형솔루션,0,0,0,0,0,False,0
서울보증보험,31210,보험업,"보증보험, 신용보험 등",2025-03-14,12월,이명순,http://www.sgic.co.kr,서울특별시,,Other Industrials,기타산업,['Financial Services'],['금융 서비스'],"## 서울보증보험, 믿음직한 대한민국 대표 보증기관

서울보증보험은 대한민국 유일의 종합보증기관으로서, 개인과 기업의 다양한 경제활동에 필요한 보증 서비스를 제공하며 안정적인 경제생활을 지원하는 데 기여하고 있습니다. 오랜 경험과 전문성을 바탕으로 고객의 신뢰를 최우선으로 생각하며, 끊임없는 혁신을 통해 고객에게 최고의 가치를 제공하고자 노력합니다. 다양한 보증 상품을 통해 개인의 금융 생활부터 기업의 성장까지 든든하게 뒷받침하고 있습니다.

**서울보증보험 제품 및 서비스 (해시태그 형태):**

*   #개인보증
*   #전세보증금반환보증
*   #임대보증금보증
*   #신원보증
*   #기업보증
*   #이행보증
*   #인허가보증
*   #신용보험
*   #재해보증
*   #해외보증
*   #SGI파트너스 (중소기업 컨설팅)
*   #온라인보증 (SGI Click)
*   #보증보험청약
*   #보상처리
*   #사이버창구
*   #고객센터
",#개인보증 #전세보증금반환보증 #임대보증금보증 #신원보증 #기업보증 #이행보증 #인허가보증 #신용보험 #재해보증 #해외보증 #SGI파트너스 #온라인보증 #보증보험청약 #보상처리 #사이버창구 #고객센터,0,0,0,0,0,False,0
에스엠씨지,460870,유리 및 유리제품 제조업,화장품 유리용기,2025-03-07,12월,최승호,http://www.somangglass.co.kr,경기도,,Other Industrials,기타산업,['Other Products'],['기타 제품/서비스'],"## 에스엠씨지 (SMCG) 회사 소개

에스엠씨지(SMCG)는 'Smart Media Contents Group'의 약자로, **미디어 콘텐츠 제작 및 유통, 플랫폼 개발 및 운영, 그리고 관련 기술 개발**을 주요 사업 영역으로 하는 회사입니다. 혁신적인 기술과 아이디어를 바탕으로 다양한 미디어 콘텐츠를 기획, 제작하고 있으며, 사용자들에게 더욱 편리하고 풍요로운 미디어 경험을 제공하는 데 힘쓰고 있습니다. 또한, 빠르게 변화하는 미디어 환경에 발맞춰 새로운 기술과 서비스를 지속적으로 개발하며 미래 미디어 시장을 선도하고자 노력하고 있습니다.

## 에스엠씨지 제품 및 서비스 (해시태그)

*   #미디어콘텐츠제작
*   #영상콘텐츠
*   #디지털콘텐츠
*   #플랫폼개발
*   #플랫폼운영
*   #솔루션개발
*   #미디어기술
*   #콘텐츠유통
*   #IP사업
*   #마케팅솔루션
*   #광고플랫폼
*   #뉴미디어콘텐츠
*   #VR콘텐츠
*   #AR콘텐츠
*   #메타버스콘텐츠
*   #OTT플랫폼
*   #콘텐츠제작지원
*   #콘텐츠마케팅
*   #디지털마케팅
*   #영상제작대행
",#미디어콘텐츠제작 #영상콘텐츠 #디지털콘텐츠 #플랫폼개발 #플랫폼운영 #솔루션개발 #미디어기술 #콘텐츠유통 #IP사업 #마케팅솔루션 #광고플랫폼 #뉴미디어콘텐츠 #VR콘텐츠 #AR콘텐츠 #메타버스콘텐츠 #OTT플랫폼 #콘텐츠제작지원 #콘텐츠마케팅 #디지털마케팅 #영상제작대행,1,0,0,0,0,False,0
엠디바이스,226590,전자부품 제조업,반도체기억장치,2025-03-07,12월,조호경,,경기도,,Other Industrials,기타산업,['Other Products'],['기타 제품/서비스'],"## 엠디바이스 소개

엠디바이스는 의료기기 전문 기업으로, 첨단 기술을 기반으로 혁신적인 제품과 서비스를 제공하며 의료 현장의 발전에 기여하고 있습니다. 환자의 안전과 편의성을 최우선으로 생각하며, 지속적인 연구 개발을 통해 고품질의 의료기기를 선보이고 있습니다. 주요 사업 분야는 영상진단 장비, 치료 장비, 그리고 관련 소모품 및 서비스를 포함합니다.

## 엠디바이스 제품 및 서비스 (해시태그)

*   #디지털엑스레이 #DR시스템
*   #이동형엑스레이 #PortableX-ray
*   #유방촬영장치 #Mammography
*   #C-Arm #씨암
*   #PACS #의료영상저장전송시스템
*   #의료영상솔루션 #ImageSolution
*   #의료기기유지보수 #MaintenanceService
*   #의료기기컨설팅 #MedicalDeviceConsulting
*   #의료기기교육 #TrainingService
*   #원격진료솔루션 #TelemedicineSolution (제공하는 경우)
*   #AI기반진단솔루션 #AIDiagnostics (제공하는 경우)
",#디지털엑스레이 #DR시스템 #이동형엑스레이 #PortableX #유방촬영장치 #Mammography #C #씨암 #PACS #의료영상저장전송시스템 #의료영상솔루션 #ImageSolution #의료기기유지보수 #MaintenanceService #의료기기컨설팅 #MedicalDeviceConsulting #의료기기교육 #TrainingService #원격진료솔루션 #TelemedicineSolution #AI기반진단솔루션 #AIDiagnostics,1,0,0,1,0,False,0
대진첨단소재,393970,플라스틱제품 제조업,"이차전지 공정용 대전방지트레이, 대전방지코팅액, 이차전지용 PET이형필름",2025-03-06,12월,"유성준, 장현주",http://daejin2019.com,서울특별시,,Other Industrials,기타산업,['Other Products'],['기타 제품/서비스'],"## 대진첨단소재 소개

대진첨단소재는 다양한 산업 분야에 적용되는 고품질의 첨단 소재를 개발, 생산, 판매하는 기업입니다. 특히, 반도체, 디스플레이, 자동차, 전자, 건축 등 다양한 분야에 필요한 핵심 소재를 제공하며, 끊임없는 연구 개발을 통해 혁신적인 제품을 선보이고 있습니다. 고객 맞춤형 솔루션 제공에도 힘쓰며, 고객의 니즈에 맞는 최적의 소재를 제공하기 위해 노력합니다.

## 제품 및 서비스 (해시태그)

* #반도체공정재료 #반도체CMP슬러리 #반도체세정제 #반도체식각액
* #디스플레이재료 #LCD재료 #OLED재료 #QD재료
* #자동차재료 #자동차경량화소재 #자동차내장재 #자동차외장재
* #전자재료 #전자부품소재 #전자제품코팅제 #전자제품접착제
* #건축자재 #건축용단열재 #건축용방수재 #건축용접착제
* #고객맞춤형솔루션 #소재컨설팅 #기술지원 #연구개발 #품질관리
",#반도체공정재료 #반도체CMP슬러리 #반도체세정제 #반도체식각액 #디스플레이재료 #LCD재료 #OLED재료 #QD재료 #자동차재료 #자동차경량화소재 #자동차내장재 #자동차외장재 #전자재료 #전자부품소재 #전자제품코팅제 #전자제품접착제 #건축자재 #건축용단열재 #건축용방수재 #건축용접착제 #고객맞춤형솔루션 #소재컨설팅 #기술지원 #연구개발 #품질관리,0,0,0,0,0,False,0
에르코스,435570,도시락 및 식사용 조리식품 제조업,"영유아식, 고령친화식품, 식물기반 대체식품",2025-02-28,12월,김슬기,http://www.ercohs.com,대전광역시,,Other Industrials,기타산업,['Other Products'],['기타 제품/서비스'],"## 에르코스(Ergos) 회사 소개

에르코스는 **산업용 로봇 및 자동화 솔루션** 분야에서 혁신을 주도하는 기업입니다. 특히, **협동 로봇(Collaborative Robot, Cobot)** 기술을 기반으로 다양한 산업 현장에 최적화된 자동화 솔루션을 제공하며, 생산성 향상, 작업 환경 개선, 그리고 인력 부족 문제 해결에 기여하고 있습니다. 에르코스는 고객 맞춤형 솔루션을 통해 자동화 도입의 장벽을 낮추고, 더 안전하고 효율적인 작업 환경을 구축하는 데 힘쓰고 있습니다.

## 에르코스 제품 & 서비스 해시태그

*   #협동로봇
*   #산업용로봇
*   #자동화솔루션
*   #로봇시스템통합 (Robot System Integration, SI)
*   #맞춤형자동화
*   #생산자동화
*   #로봇안전컨설팅
*   #로봇프로그래밍
*   #자동화교육
*   #스마트팩토리솔루션
*   #협동로봇데모
*   #로봇유지보수
*   #로봇기술지원
",#협동로봇 #산업용로봇 #자동화솔루션 #로봇시스템통합 #맞춤형자동화 #생산자동화 #로봇안전컨설팅 #로봇프로그래밍 #자동화교육 #스마트팩토리솔루션 #협동로봇데모 #로봇유지보수 #로봇기술지원,0,0,0,0,0,False,1
